timeStamp,elapsed,label,responseCode,responseMessage,threadName,dataType,success,failureMessage,bytes,sentBytes,grpThreads,allThreads,URL,Latency,IdleTime,Connect
1669487490682,3587,HTTP Request 1,200,OK,Thread Group 1-1,text,true,,68767,456,1,1,https://api.themoviedb.org/3/person/changes?page=1,2801,0,2648
1669487494292,318,HTTP Request 1,200,OK,Thread Group 1-1,text,true,,68767,456,1,1,https://api.themoviedb.org/3/person/changes?page=1,62,0,0
1669487494611,157,HTTP Request 1,200,OK,Thread Group 1-1,text,true,,68767,456,1,1,https://api.themoviedb.org/3/person/changes?page=1,79,0,0
1669487494769,369,HTTP Request 1,200,OK,Thread Group 1-1,text,true,,68767,456,1,1,https://api.themoviedb.org/3/person/changes?page=1,48,0,0
1669487495140,498,HTTP Request 1,200,OK,Thread Group 1-1,text,true,,68767,456,2,2,https://api.themoviedb.org/3/person/changes?page=1,67,0,0
1669487495640,389,HTTP Request 1,200,OK,Thread Group 1-1,text,true,,68767,456,2,2,https://api.themoviedb.org/3/person/changes?page=1,202,0,0
1669487496030,702,HTTP Request 1,200,OK,Thread Group 1-1,text,true,,68767,456,2,2,https://api.themoviedb.org/3/person/changes?page=1,184,0,0
1669487495376,1642,HTTP Request 1,200,OK,Thread Group 1-2,text,true,,68767,456,2,2,https://api.themoviedb.org/3/person/changes?page=1,1036,0,475
1669487497021,140,HTTP Request 1,200,OK,Thread Group 1-2,text,true,,68767,456,2,2,https://api.themoviedb.org/3/person/changes?page=1,55,0,0
1669487496734,430,HTTP Request 1,200,OK,Thread Group 1-1,text,true,,68767,456,2,2,https://api.themoviedb.org/3/person/changes?page=1,209,0,0
1669487497163,512,HTTP Request 1,200,OK,Thread Group 1-2,text,true,,68767,456,2,2,https://api.themoviedb.org/3/person/changes?page=1,448,0,0
1669487497677,123,HTTP Request 1,200,OK,Thread Group 1-2,text,true,,68767,456,2,2,https://api.themoviedb.org/3/person/changes?page=1,46,0,0
1669487497165,874,HTTP Request 1,200,OK,Thread Group 1-1,text,true,,68767,456,2,2,https://api.themoviedb.org/3/person/changes?page=1,138,0,0
1669487497802,419,HTTP Request 1,200,OK,Thread Group 1-2,text,true,,68767,456,2,2,https://api.themoviedb.org/3/person/changes?page=1,48,0,0
1669487498223,206,HTTP Request 1,200,OK,Thread Group 1-2,text,true,,68767,456,2,2,https://api.themoviedb.org/3/person/changes?page=1,52,0,0
1669487498431,158,HTTP Request 1,200,OK,Thread Group 1-2,text,true,,68767,456,2,2,https://api.themoviedb.org/3/person/changes?page=1,90,0,0
1669487498040,590,HTTP Request 1,200,OK,Thread Group 1-1,text,true,,68767,456,2,2,https://api.themoviedb.org/3/person/changes?page=1,90,0,0
1669487498591,105,HTTP Request 1,200,OK,Thread Group 1-2,text,true,,68767,456,2,2,https://api.themoviedb.org/3/person/changes?page=1,46,0,0
1669487498697,118,HTTP Request 1,200,OK,Thread Group 1-2,text,true,,68767,456,2,2,https://api.themoviedb.org/3/person/changes?page=1,52,0,0
1669487498816,117,HTTP Request 1,200,OK,Thread Group 1-2,text,true,,68767,456,2,2,https://api.themoviedb.org/3/person/changes?page=1,58,0,0
1669487498631,303,HTTP Request 1,200,OK,Thread Group 1-1,text,true,,68767,456,2,2,https://api.themoviedb.org/3/person/changes?page=1,156,0,0
1669487498935,102,HTTP Request 1,200,OK,Thread Group 1-2,text,true,,68767,456,2,2,https://api.themoviedb.org/3/person/changes?page=1,41,0,0
1669487499037,131,HTTP Request 1,200,OK,Thread Group 1-2,text,true,,68767,456,2,2,https://api.themoviedb.org/3/person/changes?page=1,46,0,0
1669487498935,236,HTTP Request 1,200,OK,Thread Group 1-1,text,true,,68767,456,2,2,https://api.themoviedb.org/3/person/changes?page=1,76,0,0
1669487499170,113,HTTP Request 1,200,OK,Thread Group 1-2,text,true,,68767,456,2,2,https://api.themoviedb.org/3/person/changes?page=1,44,0,0
1669487499172,361,HTTP Request 1,200,OK,Thread Group 1-1,text,true,,68767,456,2,2,https://api.themoviedb.org/3/person/changes?page=1,75,0,0
1669487499284,380,HTTP Request 1,200,OK,Thread Group 1-2,text,true,,68767,456,2,2,https://api.themoviedb.org/3/person/changes?page=1,258,0,0
1669487499534,169,HTTP Request 1,200,OK,Thread Group 1-1,text,true,,68767,456,2,2,https://api.themoviedb.org/3/person/changes?page=1,61,0,0
1669487499704,139,HTTP Request 1,200,OK,Thread Group 1-1,text,true,,68767,456,2,2,https://api.themoviedb.org/3/person/changes?page=1,47,0,0
1669487499844,125,HTTP Request 1,200,OK,Thread Group 1-1,text,true,,68767,456,2,2,https://api.themoviedb.org/3/person/changes?page=1,46,0,0
1669487499666,333,HTTP Request 1,200,OK,Thread Group 1-2,text,true,,68767,456,2,2,https://api.themoviedb.org/3/person/changes?page=1,118,0,0
1669487499970,114,HTTP Request 1,200,OK,Thread Group 1-1,text,true,,68767,456,2,2,https://api.themoviedb.org/3/person/changes?page=1,44,0,0
1669487500085,219,HTTP Request 1,200,OK,Thread Group 1-1,text,true,,68767,456,2,2,https://api.themoviedb.org/3/person/changes?page=1,188,0,0
1669487500000,340,HTTP Request 1,200,OK,Thread Group 1-2,text,true,,68767,456,2,2,https://api.themoviedb.org/3/person/changes?page=1,82,0,0
1669487500305,485,HTTP Request 1,200,OK,Thread Group 1-1,text,true,,68767,456,2,2,https://api.themoviedb.org/3/person/changes?page=1,45,0,0
1669487500793,835,HTTP Request 1,200,OK,Thread Group 1-1,text,true,,68767,456,2,2,https://api.themoviedb.org/3/person/changes?page=1,260,0,0
1669487500341,1437,HTTP Request 1,200,OK,Thread Group 1-2,text,true,,68767,456,2,2,https://api.themoviedb.org/3/person/changes?page=1,339,0,0
1669487501629,269,HTTP Request 1,200,OK,Thread Group 1-1,text,true,,68767,456,2,2,https://api.themoviedb.org/3/person/changes?page=1,193,0,0
1669487501779,200,HTTP Request 1,200,OK,Thread Group 1-2,text,true,,68767,456,2,2,https://api.themoviedb.org/3/person/changes?page=1,71,0,0
1669487501899,311,HTTP Request 1,200,OK,Thread Group 1-1,text,true,,68767,456,2,2,https://api.themoviedb.org/3/person/changes?page=1,81,0,0
1669487501980,418,HTTP Request 1,200,OK,Thread Group 1-2,text,true,,68767,456,2,2,https://api.themoviedb.org/3/person/changes?page=1,97,0,0
1669487502211,318,HTTP Request 1,200,OK,Thread Group 1-1,text,true,,68767,456,2,2,https://api.themoviedb.org/3/person/changes?page=1,281,0,0
1669487502399,212,HTTP Request 1,200,OK,Thread Group 1-2,text,true,,68767,456,2,2,https://api.themoviedb.org/3/person/changes?page=1,94,0,0
1669487502530,312,HTTP Request 1,200,OK,Thread Group 1-1,text,true,,68767,456,2,2,https://api.themoviedb.org/3/person/changes?page=1,68,0,0
1669487502612,233,HTTP Request 1,200,OK,Thread Group 1-2,text,true,,68767,456,2,2,https://api.themoviedb.org/3/person/changes?page=1,64,0,0
1669487502846,473,HTTP Request 1,200,OK,Thread Group 1-2,text,true,,68767,456,2,2,https://api.themoviedb.org/3/person/changes?page=1,60,0,0
1669487502843,756,HTTP Request 1,200,OK,Thread Group 1-1,text,true,,68767,456,2,2,https://api.themoviedb.org/3/person/changes?page=1,67,0,0
1669487503321,286,HTTP Request 1,200,OK,Thread Group 1-2,text,true,,68767,456,2,2,https://api.themoviedb.org/3/person/changes?page=1,64,0,0
1669487503600,155,HTTP Request 1,200,OK,Thread Group 1-1,text,true,,68767,456,2,2,https://api.themoviedb.org/3/person/changes?page=1,58,0,0
1669487503608,162,HTTP Request 1,200,OK,Thread Group 1-2,text,true,,68767,456,2,2,https://api.themoviedb.org/3/person/changes?page=1,54,0,0
1669487503756,204,HTTP Request 1,200,OK,Thread Group 1-1,text,true,,68767,456,2,2,https://api.themoviedb.org/3/person/changes?page=1,162,0,0
1669487503771,213,HTTP Request 1,200,OK,Thread Group 1-2,text,true,,68767,456,2,2,https://api.themoviedb.org/3/person/changes?page=1,127,0,0
1669487503961,130,HTTP Request 1,200,OK,Thread Group 1-1,text,true,,68767,456,2,2,https://api.themoviedb.org/3/person/changes?page=1,45,0,0
1669487503986,146,HTTP Request 1,200,OK,Thread Group 1-2,text,true,,68767,456,2,2,https://api.themoviedb.org/3/person/changes?page=1,49,0,0
1669487504092,165,HTTP Request 1,200,OK,Thread Group 1-1,text,true,,68767,456,2,2,https://api.themoviedb.org/3/person/changes?page=1,47,0,0
1669487504258,125,HTTP Request 1,200,OK,Thread Group 1-1,text,true,,68767,456,2,2,https://api.themoviedb.org/3/person/changes?page=1,42,0,0
1669487504384,107,HTTP Request 1,200,OK,Thread Group 1-1,text,true,,68767,456,2,2,https://api.themoviedb.org/3/person/changes?page=1,43,0,0
1669487504133,524,HTTP Request 1,200,OK,Thread Group 1-2,text,true,,68767,456,2,2,https://api.themoviedb.org/3/person/changes?page=1,101,0,0
1669487504492,222,HTTP Request 1,200,OK,Thread Group 1-1,text,true,,68767,456,2,2,https://api.themoviedb.org/3/person/changes?page=1,200,0,0
1669487504658,86,HTTP Request 1,200,OK,Thread Group 1-2,text,true,,68767,456,2,2,https://api.themoviedb.org/3/person/changes?page=1,38,0,0
1669487504714,91,HTTP Request 1,200,OK,Thread Group 1-1,text,true,,68767,456,2,2,https://api.themoviedb.org/3/person/changes?page=1,38,0,0
1669487504745,78,HTTP Request 1,200,OK,Thread Group 1-2,text,true,,68767,456,2,2,https://api.themoviedb.org/3/person/changes?page=1,51,0,0
1669487504805,99,HTTP Request 1,200,OK,Thread Group 1-1,text,true,,68767,456,2,2,https://api.themoviedb.org/3/person/changes?page=1,48,0,0
1669487504824,96,HTTP Request 1,200,OK,Thread Group 1-2,text,true,,68767,456,2,2,https://api.themoviedb.org/3/person/changes?page=1,44,0,0
1669487504905,93,HTTP Request 1,200,OK,Thread Group 1-1,text,true,,68767,456,2,2,https://api.themoviedb.org/3/person/changes?page=1,38,0,0
1669487504921,90,HTTP Request 1,200,OK,Thread Group 1-2,text,true,,68767,456,2,2,https://api.themoviedb.org/3/person/changes?page=1,43,0,0
1669487505012,211,HTTP Request 1,200,OK,Thread Group 1-2,text,true,,68767,456,2,2,https://api.themoviedb.org/3/person/changes?page=1,58,0,0
1669487504999,242,HTTP Request 1,200,OK,Thread Group 1-1,text,true,,68767,456,2,2,https://api.themoviedb.org/3/person/changes?page=1,54,0,0
1669487505242,245,HTTP Request 1,200,OK,Thread Group 1-1,text,true,,68767,456,2,2,https://api.themoviedb.org/3/person/changes?page=1,156,0,0
1669487505488,74,HTTP Request 1,200,OK,Thread Group 1-1,text,true,,68767,456,2,2,https://api.themoviedb.org/3/person/changes?page=1,34,0,0
1669487505563,99,HTTP Request 1,200,OK,Thread Group 1-1,text,true,,68767,456,2,2,https://api.themoviedb.org/3/person/changes?page=1,35,0,0
1669487505663,83,HTTP Request 1,200,OK,Thread Group 1-1,text,true,,68767,456,2,2,https://api.themoviedb.org/3/person/changes?page=1,38,0,0
1669487505224,563,HTTP Request 1,200,OK,Thread Group 1-2,text,true,,68767,456,2,2,https://api.themoviedb.org/3/person/changes?page=1,542,0,0
1669487505748,82,HTTP Request 1,200,OK,Thread Group 1-1,text,true,,68767,456,2,2,https://api.themoviedb.org/3/person/changes?page=1,33,0,0
1669487505831,100,HTTP Request 1,200,OK,Thread Group 1-1,text,true,,68767,456,2,2,https://api.themoviedb.org/3/person/changes?page=1,44,0,0
1669487505788,270,HTTP Request 1,200,OK,Thread Group 1-2,text,true,,68767,456,2,2,https://api.themoviedb.org/3/person/changes?page=1,162,0,0
1669487505932,192,HTTP Request 1,200,OK,Thread Group 1-1,text,true,,68767,456,2,2,https://api.themoviedb.org/3/person/changes?page=1,44,0,0
1669487506125,258,HTTP Request 1,200,OK,Thread Group 1-1,text,true,,68767,456,2,2,https://api.themoviedb.org/3/person/changes?page=1,112,0,0
1669487506059,464,HTTP Request 1,200,OK,Thread Group 1-2,text,true,,68767,456,2,2,https://api.themoviedb.org/3/person/changes?page=1,37,0,0
1669487506384,182,HTTP Request 1,200,OK,Thread Group 1-1,text,true,,68767,456,2,2,https://api.themoviedb.org/3/person/changes?page=1,176,0,0
1669487506524,96,HTTP Request 1,200,OK,Thread Group 1-2,text,true,,68767,456,2,2,https://api.themoviedb.org/3/person/changes?page=1,54,0,0
1669487506621,318,HTTP Request 1,200,OK,Thread Group 1-2,text,true,,68767,456,2,2,https://api.themoviedb.org/3/person/changes?page=1,59,0,0
1669487506567,436,HTTP Request 1,200,OK,Thread Group 1-1,text,true,,68767,456,2,2,https://api.themoviedb.org/3/person/changes?page=1,60,0,0
1669487506940,402,HTTP Request 1,200,OK,Thread Group 1-2,text,true,,68767,456,2,2,https://api.themoviedb.org/3/person/changes?page=1,70,0,0
1669487507343,493,HTTP Request 1,200,OK,Thread Group 1-2,text,true,,68767,456,2,2,https://api.themoviedb.org/3/person/changes?page=1,58,0,0
1669487507838,103,HTTP Request 1,200,OK,Thread Group 1-2,text,true,,68767,456,2,2,https://api.themoviedb.org/3/person/changes?page=1,43,0,0
1669487507004,1024,HTTP Request 1,200,OK,Thread Group 1-1,text,true,,68767,456,2,2,https://api.themoviedb.org/3/person/changes?page=1,202,0,0
1669487507942,92,HTTP Request 1,200,OK,Thread Group 1-2,text,true,,68767,456,2,2,https://api.themoviedb.org/3/person/changes?page=1,37,0,0
1669487508029,218,HTTP Request 1,200,OK,Thread Group 1-1,text,true,,68767,456,2,2,https://api.themoviedb.org/3/person/changes?page=1,131,0,0
1669487508247,148,HTTP Request 1,200,OK,Thread Group 1-1,text,true,,68767,456,2,2,https://api.themoviedb.org/3/person/changes?page=1,57,0,0
1669487508035,386,HTTP Request 1,200,OK,Thread Group 1-2,text,true,,68767,456,2,2,https://api.themoviedb.org/3/person/changes?page=1,99,0,0
1669487508396,228,HTTP Request 1,200,OK,Thread Group 1-1,text,true,,68767,456,2,2,https://api.themoviedb.org/3/person/changes?page=1,46,0,0
1669487508625,199,HTTP Request 1,200,OK,Thread Group 1-1,text,true,,68767,456,2,2,https://api.themoviedb.org/3/person/changes?page=1,164,0,0
1669487508422,419,HTTP Request 1,200,OK,Thread Group 1-2,text,true,,68767,456,2,2,https://api.themoviedb.org/3/person/changes?page=1,44,0,0
1669487508825,143,HTTP Request 1,200,OK,Thread Group 1-1,text,true,,68767,456,2,2,https://api.themoviedb.org/3/person/changes?page=1,46,0,0
1669487508842,130,HTTP Request 1,200,OK,Thread Group 1-2,text,true,,68767,456,2,2,https://api.themoviedb.org/3/person/changes?page=1,52,0,0
1669487508973,114,HTTP Request 1,200,OK,Thread Group 1-2,text,true,,68767,456,2,2,https://api.themoviedb.org/3/person/changes?page=1,50,0,0
1669487508969,124,HTTP Request 1,200,OK,Thread Group 1-1,text,true,,68767,456,2,2,https://api.themoviedb.org/3/person/changes?page=1,54,0,0
1669487509087,103,HTTP Request 1,200,OK,Thread Group 1-2,text,true,,68767,456,2,2,https://api.themoviedb.org/3/person/changes?page=1,52,0,0
1669487509094,138,HTTP Request 1,200,OK,Thread Group 1-1,text,true,,68767,456,2,2,https://api.themoviedb.org/3/person/changes?page=1,60,0,0
1669487509233,213,HTTP Request 1,200,OK,Thread Group 1-1,text,true,,68767,456,2,2,https://api.themoviedb.org/3/person/changes?page=1,195,0,0
1669487509447,110,HTTP Request 1,200,OK,Thread Group 1-1,text,true,,68767,456,2,2,https://api.themoviedb.org/3/person/changes?page=1,42,0,0
1669487509191,377,HTTP Request 1,200,OK,Thread Group 1-2,text,true,,68767,456,2,2,https://api.themoviedb.org/3/person/changes?page=1,48,0,0
1669487509569,195,HTTP Request 1,200,OK,Thread Group 1-2,text,true,,68767,456,2,2,https://api.themoviedb.org/3/person/changes?page=1,56,0,0
1669487509558,225,HTTP Request 1,200,OK,Thread Group 1-1,text,true,,68767,456,2,2,https://api.themoviedb.org/3/person/changes?page=1,41,0,0
1669487509765,108,HTTP Request 1,200,OK,Thread Group 1-2,text,true,,68767,456,2,2,https://api.themoviedb.org/3/person/changes?page=1,37,0,0
1669487509784,126,HTTP Request 1,200,OK,Thread Group 1-1,text,true,,68767,456,2,2,https://api.themoviedb.org/3/person/changes?page=1,53,0,0
1669487509874,105,HTTP Request 1,200,OK,Thread Group 1-2,text,true,,68767,456,2,2,https://api.themoviedb.org/3/person/changes?page=1,46,0,0
1669487509911,113,HTTP Request 1,200,OK,Thread Group 1-1,text,true,,68767,456,2,2,https://api.themoviedb.org/3/person/changes?page=1,44,0,0
1669487509980,104,HTTP Request 1,200,OK,Thread Group 1-2,text,true,,68767,456,2,2,https://api.themoviedb.org/3/person/changes?page=1,44,0,0
1669487510025,112,HTTP Request 1,200,OK,Thread Group 1-1,text,true,,68767,456,2,2,https://api.themoviedb.org/3/person/changes?page=1,44,0,0
1669487510085,99,HTTP Request 1,200,OK,Thread Group 1-2,text,true,,68767,456,1,1,https://api.themoviedb.org/3/person/changes?page=1,48,0,0
1669487510186,89,HTTP Request 1,200,OK,Thread Group 1-2,text,true,,68767,456,1,1,https://api.themoviedb.org/3/person/changes?page=1,35,0,0
1669487510276,245,HTTP Request 1,200,OK,Thread Group 1-2,text,true,,68767,456,1,1,https://api.themoviedb.org/3/person/changes?page=1,196,0,0
1669487510522,81,HTTP Request 1,200,OK,Thread Group 1-2,text,true,,68767,456,1,1,https://api.themoviedb.org/3/person/changes?page=1,36,0,0
1669487510605,78,HTTP Request 1,200,OK,Thread Group 1-2,text,true,,68767,456,1,1,https://api.themoviedb.org/3/person/changes?page=1,36,0,0
1669487510684,77,HTTP Request 1,200,OK,Thread Group 1-2,text,true,,68767,456,1,1,https://api.themoviedb.org/3/person/changes?page=1,36,0,0
1669487510762,88,HTTP Request 1,200,OK,Thread Group 1-2,text,true,,68767,456,1,1,https://api.themoviedb.org/3/person/changes?page=1,49,0,0
1669487510851,83,HTTP Request 1,200,OK,Thread Group 1-2,text,true,,68767,456,1,1,https://api.themoviedb.org/3/person/changes?page=1,37,0,0
1669487510936,84,HTTP Request 1,200,OK,Thread Group 1-2,text,true,,68767,456,1,1,https://api.themoviedb.org/3/person/changes?page=1,42,0,0
